{"year_list": ["1950", "1951", "1952", "1953", "1954", "1955", "1956", "1957", "1958", "1959", "1960", "1961", "1962", "1963", "1964", "1965", "1966", "1967", "1968", "1969", "1970", "1971", "1972", "1973", "1974", "1975", "1976", "1977", "1978", "1979", "1980", "1981", "1982", "1983", "1984", "1985", "1986", "1987", "1988", "1989", "1990", "1991", "1992", "1993", "1994", "1995", "1996", "1997", "1998", "1999", "2000", "2001", "2002", "2003", "2004", "2005", "2006", "2007", "2008", "2009", "2010", "2011"], "maxt": [54.468571428573085, 51.806428571428413, 49.683571428574353, 50.142857142854645, 56.668571428571724, 46.98071428571798, 46.937142857143513, 58.005000000002802, 53.224285714284385, 50.636428571429391, 47.836428571428911, 52.332857142859069, 52.946428571430559, 56.03499999999935, 46.749999999999268, 50.452857142856125, 46.818571428570571, 53.379285714286013, 55.882142857143108, 50.192857142857221, 54.42071428571527, 51.710000000001024, 54.737857142857742, 51.680714285713663, 51.06857142857497, 50.326428571433958, 54.868571428572849, 54.243571428574498, 51.105714285716637, 50.647857142858257, 55.115714285714482, 55.078571428572616, 53.721428571428376, 51.852857142854255, 52.026428571429285, 49.1864285714272, 54.282857142858276, 52.164285714281746, 55.604285714286981, 55.833571428569371, 50.811428571428884, 55.612857142855141, 53.378571428571156, 52.535714285714974, 52.691428571430414, 57.632142857141744, 57.800000000002527, 53.485000000002444, 50.001428571427134, 55.291428571430757, 56.018571428574461, 51.425000000001361, 54.200714285714149, 53.902142857145783, 50.162857142857376, 52.94571428571345, 56.119999999999983, 53.151428571432014, 53.946428571426694, 54.463571428569409, 51.290000000000219, 50.007142857145723], "month": 2, "pcpn": [54.595000000001029, 51.891428571431113, 49.731428571430556, 50.199999999998425, 56.685714285716131, 47.040714285716774, 46.999285714285612, 57.998571428570472, 53.239999999999498, 50.753571428573593, 47.975714285713842, 52.373571428568617, 53.004285714282055, 56.107857142855487, 46.900714285714081, 50.582857142857186, 46.935714285713424, 53.515000000000761, 55.962142857142382, 50.273571428572112, 54.54928571428897, 51.805000000000788, 54.855000000001617, 51.782857142856244, 51.196428571429742, 50.428571428573207, 54.944285714288135, 54.351428571428563, 51.210714285715653, 50.77714285714459, 55.24500000000009, 55.166428571430473, 53.835714285716719, 51.976428571426787, 52.16642857143048, 49.284285714286177, 54.385714285715061, 52.277142857140447, 55.709999999999518, 56.043571428569201, 50.899999999999473, 55.650000000001413, 53.456428571427324, 52.604999999996757, 52.805714285713535, 57.689285714285738, 57.927857142856816, 53.597857142858558, 50.092857142857468, 55.29500000000025, 56.069285714288753, 51.471428571431602, 54.247857142858379, 54.077857142855642, 50.255714285712443, 53.016428571429373, 56.183571428570247, 53.144285714288458, 53.995000000002008, 54.469285714282954, 51.312500000000249, 50.130714285717389], "state": "AZ", "avgt": [54.745000000002761, 52.01857142857169, 49.844285714287544, 50.311428571427442, 56.751428571429905, 47.160000000000636, 47.132142857141865, 58.058571428568449, 53.312857142856991, 50.878571428572428, 48.140714285715617, 52.473571428567936, 53.094999999996958, 56.193571428571651, 47.064999999999564, 50.731428571428538, 47.085714285714282, 53.685000000003328, 56.07357142857316, 50.377142857145749, 54.677857142854215, 51.913571428568844, 54.991428571426404, 51.915714285714309, 51.329285714287359, 50.533571428570148, 55.056428571429734, 54.47214285713887, 51.327142857146789, 50.92714285714262, 55.393571428569452, 55.266428571430438, 53.947142857143703, 52.103571428571151, 52.280714285716343, 49.385714285715231, 54.484285714289037, 52.389285714285016, 55.831428571426109, 56.219999999999196, 50.994285714285013, 55.693571428570216, 53.528571428571617, 52.683571428573416, 52.919999999998879, 57.741428571427228, 58.040000000003019, 53.707857142858792, 50.165714285715445, 55.330714285715878, 56.116428571430184, 51.530000000001266, 54.293571428571852, 54.24857142856979, 50.345714285713314, 53.106428571429468, 56.242142857145012, 53.172142857146014, 54.049285714288409, 54.509285714283592, 51.271200000000256, 50.245714285714953], "mint": [54.416428571429122, 51.744285714287464, 49.66571428571752, 50.11071428571119, 56.702857142857304, 47.020714285717901, 46.987857142859333, 58.177857142859828, 53.355000000000466, 50.598571428571184, 47.778571428571659, 52.356428571431216, 52.905000000002843, 56.007142857143286, 46.637142857141249, 50.365714285715519, 46.752857142858446, 53.297857142856806, 55.847857142854991, 50.116428571430802, 54.324285714285828, 51.632142857142775, 54.632857142857915, 51.58142857142667, 50.983571428572645, 50.255714285718319, 54.845714285713008, 54.167857142860051, 51.032857142856621, 50.520714285714611, 54.988571428571731, 54.982142857142627, 53.609999999998188, 51.736428571427062, 51.918571428572633, 49.101428571429309, 54.185714285714923, 52.059999999997956, 55.487142857144221, 55.645714285713439, 50.722142857140241, 55.587142857141629, 53.309999999997032, 52.472142857144327, 52.577857142857674, 57.587142857143171, 57.685000000000855, 53.37500000000059, 49.932142857144278, 55.284999999998668, 55.974285714288534, 51.372857142855374, 54.168571428570097, 53.727857142856493, 50.078571428570946, 52.86571428571348, 56.068571428572191, 53.190000000000744, 53.882142857143428, 54.464285714285388, 51.318796992482035, 49.895000000002447]}