{"year_list": ["1950", "1951", "1952", "1953", "1954", "1955", "1956", "1957", "1958", "1959", "1960", "1961", "1962", "1963", "1964", "1965", "1966", "1967", "1968", "1969", "1970", "1971", "1972", "1973", "1974", "1975", "1976", "1977", "1978", "1979", "1980", "1981", "1982", "1983", "1984", "1985", "1986", "1987", "1988", "1989", "1990", "1991", "1992", "1993", "1994", "1995", "1996", "1997", "1998", "1999", "2000", "2001", "2002", "2003", "2004", "2005", "2006", "2007", "2008", "2009", "2010", "2011"], "maxt": [52.941129032260498, 58.816532258066147, 59.663306451616243, 62.155645161292412, 71.654032258064447, 58.89274193548993, 58.262499999998141, 61.179032258063472, 60.694890510951915, 58.804878048781774, 57.352016129028755, 56.589403973513221, 54.016556291385228, 62.23112582781269, 57.603311258280065, 58.938461538460565, 51.777777777776208, 58.72322580645276, 56.546451612902423, 55.594838709676644, 57.363225806451936, 55.752325581393869, 53.912987012986711, 56.925625000001794, 53.484375000003546, 57.334193548380227, 55.464748201441168, 58.021582733816537, 61.574857142856423, 55.338857142857222, 56.793181818183385, 59.206989247308712, 57.44655172413713, 63.456034482759492, 57.411304347829706, 56.019130434781708, 59.171551724139235, 58.583478260869548, 51.990322580647266, 55.702419354839996, 54.826209677418163, 60.406956521735971, 61.293965517242505, 58.919827586205123, 55.048695652171702, 61.137391304344895, 56.776642335766233, 55.644347826083113, 54.655445544553743, 58.278289473683856, 59.430263157894302, 55.196124031007784, 59.979141104296033, 58.13333333333248, 55.767826086954415, 57.952027027031207, 59.927564102564283, 57.657763975155596, 57.590243902439781, 56.671276595746363, 57.791025641027474, 52.615957446811279], "month": 2, "pcpn": [52.905241935486636, 58.984677419357894, 59.768951612902832, 62.322580645159618, 71.810483870970828, 59.003225806450033, 58.414919354842866, 61.258870967746709, 60.793382352935723, 58.888343558281647, 57.474596774192811, 56.672847682124321, 54.07466666666685, 62.38609271522688, 57.921854304633804, 59.010967741939311, 51.830718954244595, 58.803896103896307, 56.594155844157356, 55.62207792207861, 57.418831168826671, 55.791860465116834, 53.883766233765463, 56.957861635219317, 53.608376963355724, 57.378571428569167, 55.52318840579705, 58.070289855075387, 61.663218390804339, 55.382758620685749, 56.838857142852859, 59.276756756752519, 57.431304347826114, 63.417391304347525, 57.566956521740074, 56.33304347826008, 59.225217391305996, 59.062608695652635, 52.010080645165189, 55.741532258066236, 54.948387096774852, 60.532173913039529, 61.306956521739089, 59.019130434783342, 55.113043478260899, 61.164347826089603, 56.833088235293701, 55.646956521736861, 54.768686868689109, 58.280794701985108, 59.480794701983605, 55.231007751937597, 60.07975460122686, 58.148314606742233, 55.75526315789164, 57.953424657531826, 59.9587096774193, 57.70931677018627, 57.581967213115028, 56.68817204301196, 57.757142857147088, 52.648387096775508], "state": "CA", "avgt": [52.916532258066432, 59.1443548387115, 59.87943548386734, 62.489112903224765, 71.960483870965462, 59.109677419354661, 58.575806451611108, 61.350806451615483, 60.886666666666862, 59.155214723927152, 57.606048387098326, 56.764000000000046, 54.162000000000631, 62.457333333333075, 58.05400000000521, 59.086363636362066, 51.918421052631018, 58.894771241833354, 56.516233766232148, 55.751948051946641, 57.470779220774773, 55.846511627906708, 53.979084967324411, 56.968987341769669, 53.658115183246572, 57.414379084973106, 55.58686131387401, 58.114598540143781, 61.742196531792423, 55.43757225433464, 56.897701149426986, 59.358152173910042, 57.406140350877031, 63.366666666661871, 57.556140350879339, 56.321052631578247, 59.243859649122868, 59.062280701754695, 52.024193548389455, 55.782258064516085, 55.07258064516072, 60.574561403511581, 61.300000000002271, 59.132456140350513, 55.223684210531992, 61.235964912281453, 56.880740740740279, 55.749122807017621, 54.906122448977193, 58.272000000003004, 59.535333333336006, 55.248437499999987, 60.072839506172961, 58.130681818176512, 55.733628318581729, 57.952777777778685, 59.979220779219965, 57.718125000000327, 57.61475409836418, 56.694565217394121, 57.727999999997216, 52.684782608694015], "mint": [52.960080645165611, 58.687096774197819, 59.579838709673716, 62.00241935483519, 71.518145161293788, 58.784677419357422, 58.13588709677277, 61.120967741933164, 60.618115942030357, 58.778787878790972, 57.256048387097671, 56.569736842105485, 53.98486842104883, 62.217105263157748, 57.543421052635615, 58.741666666666774, 51.730519480519476, 58.543225806451758, 56.585897435904094, 55.587179487178794, 57.311538461535918, 55.73274853801135, 53.845806451608418, 56.961728395063268, 53.465104166668596, 57.320512820510729, 55.459712230211103, 58.016546762588597, 61.501136363635226, 55.31534090909382, 56.751977401131548, 59.158288770051655, 57.478632478635518, 62.465517241379779, 57.424999999997524, 55.991379310342481, 59.130769230768259, 58.562068965516644, 51.966935483875851, 55.660887096776804, 54.70766129032372, 60.319827586208, 61.281196581199971, 58.848717948714508, 54.998275862066279, 61.068965517244145, 56.727536231885367, 55.546551724135796, 54.550980392157946, 58.243137254901015, 59.3189542483655, 55.16538461538233, 59.99939024390212, 58.062222222221322, 55.724137931034477, 57.914093959730415, 59.850318471337076, 57.632098765432964, 57.512195121952402, 56.613684210524113, 57.706172839502649, 52.627368421051671]}