{"year_list": ["1950", "1951", "1952", "1953", "1954", "1955", "1956", "1957", "1958", "1959", "1960", "1961", "1962", "1963", "1964", "1965", "1966", "1967", "1968", "1969", "1970", "1971", "1972", "1973", "1974", "1975", "1976", "1977", "1978", "1979", "1980", "1981", "1982", "1983", "1984", "1985", "1986", "1987", "1988", "1989", "1990", "1991", "1992", "1993", "1994", "1995", "1996", "1997", "1998", "1999", "2000", "2001", "2002", "2003", "2004", "2005", "2006", "2007", "2008", "2009", "2010", "2011"], "maxt": [35.743859649122413, 32.256725146198676, 29.449707602338805, 30.638011695906567, 39.1040935672507, 25.983040935671291, 28.223976608186678, 38.66374269005815, 34.670175438597141, 31.456140350878375, 23.652631578948167, 32.31520467836107, 34.636257309942273, 33.762573099415746, 24.693567251461822, 29.023976608187013, 25.832163742690128, 32.85029239766012, 33.719298245614191, 31.796491228070053, 36.290643274853153, 30.745029239766577, 35.011111111110985, 30.472514619883192, 28.697076023391386, 28.533918128654726, 36.819883040936169, 32.77719298245637, 28.605847953217015, 27.650877192981856, 32.884795321636183, 33.954970760233394, 27.711695906432475, 31.051461988303995, 28.55146198830321, 26.342105263158171, 33.810526315789041, 31.752631578946318, 29.842105263156249, 27.056140350877282, 29.321052631578652, 33.230409356724074, 31.960233918129532, 29.488304093567727, 28.458479532164787, 37.816959064327939, 34.716959064326879, 29.642105263156406, 30.415789473684463, 35.291228070175301, 36.943274853802031, 30.484210526314904, 29.156725146197381, 30.556140350878632, 26.934502923977092, 33.431578947368735, 31.53508771929863, 30.018713450293642, 28.935087719298163, 34.922807017543519, 26.09707602339212, 26.895906432748877], "month": 2, "pcpn": [35.891812865497648, 32.409356725145294, 29.528654970759895, 30.652631578947467, 39.145614035087071, 26.022222222221998, 28.369005847953716, 38.733918128653023, 34.77543859649024, 31.631578947366922, 24.008771929824455, 32.437426900583823, 34.764912280701864, 33.907017543859396, 24.789473684210268, 29.200584795322612, 26.066666666666279, 32.979532163742981, 33.897660818713099, 31.947953216374373, 36.395321637427507, 30.923976608185967, 35.084210526316419, 30.671929824561218, 28.880701754386127, 28.770760233918192, 37.015204678362487, 32.938011695905736, 28.790643274854062, 27.821637426902068, 33.112280701753477, 34.063157894736555, 27.845029239765839, 31.188304093567371, 28.78304093567381, 26.562573099415225, 33.991228070175552, 31.905263157893689, 30.104093567251226, 27.301169590643955, 29.535672514619915, 33.439766081870843, 32.238011695906728, 29.754970760234048, 28.684795321637097, 37.998830409355698, 34.925146198830539, 29.841520467836364, 30.608187134503979, 35.45614035087717, 37.089473684211526, 30.687134502923378, 29.269005847952783, 30.704678362572935, 27.091812865496777, 33.566081871344693, 31.66900584795356, 30.211695906431071, 29.080701754385412, 35.032163742690415, 26.20175438596474, 27.023976608186729], "state": "CO", "avgt": [36.071929824561721, 32.584210526315985, 29.637426900584916, 30.684210526316662, 39.21345029239648, 26.064912280701307, 28.512280701752676, 38.797076023391028, 34.86725146198922, 31.819883040936073, 24.326900584795197, 32.560233918128326, 34.870760233919306, 34.060233918129121, 24.891812865497165, 29.383040935672028, 26.307602339180949, 33.139181286549608, 34.102923976608984, 32.130409356724115, 36.521637426901002, 31.132163742689826, 35.216374269006486, 30.904678362572994, 29.104678362573832, 29.027485380117049, 37.245029239766012, 33.125146198830151, 29.012280701754275, 28.01695906432645, 33.346198830409065, 34.19883040935801, 27.976023391812745, 31.36140350877124, 29.084795321636538, 26.833333333333421, 34.193567251461459, 32.0818713450291, 30.401754385964217, 27.553801169591036, 29.784795321637937, 33.711111111110434, 32.547953216374459, 30.05964912280686, 28.960233918127859, 38.211695906432105, 35.168421052631672, 30.105847953216355, 30.840935672515098, 35.633918128654592, 37.253801169591085, 30.907602339181494, 29.410526315789824, 30.877777777777514, 27.291228070175617, 33.72397660818784, 31.838596491228543, 30.43684210526305, 29.267251461987538, 35.167836257310789, 26.318713450292506, 27.147953216375331], "mint": [35.576023391813578, 32.140935672514559, 29.387134502924486, 30.608187134502696, 39.049707602339318, 25.92222222222221, 28.079532163741469, 38.573684210526018, 34.540935672514465, 31.247368421052517, 23.287719298246117, 32.173684210526545, 34.509356725146532, 33.608187134502039, 24.594152046783574, 28.85847953216334, 25.615204678362272, 32.699999999999115, 33.538011695906633, 31.61988304093499, 36.177777777778218, 30.557309941522011, 34.940350877192913, 30.29005847953179, 28.516374269006405, 28.311111111111124, 36.62514619882964, 32.605847953216475, 28.426315789472859, 27.498245614034953, 32.705263157894528, 33.86666666666536, 27.570175438596447, 30.918128654970129, 28.329239766082331, 26.130994152048142, 33.63157894736819, 31.615789473684572, 29.585380116959005, 26.818128654971375, 29.143274853800872, 33.049122807016509, 31.736842105262355, 29.252631578947863, 28.267836257310609, 37.664912280702396, 34.539766081870916, 29.447953216373598, 30.241520467836065, 35.159064327485616, 36.811111111111572, 30.285964912280903, 29.073684210526171, 30.419883040935851, 26.825730994152309, 33.335087719297341, 31.430409356725793, 29.833333333333115, 28.798830409357642, 34.821637426900566, 26.01286549707666, 26.756140350877949]}