{"year_list": ["1950", "1951", "1952", "1953", "1954", "1955", "1956", "1957", "1958", "1959", "1960", "1961", "1962", "1963", "1964", "1965", "1966", "1967", "1968", "1969", "1970", "1971", "1972", "1973", "1974", "1975", "1976", "1977", "1978", "1979", "1980", "1981", "1982", "1983", "1984", "1985", "1986", "1987", "1988", "1989", "1990", "1991", "1992", "1993", "1994", "1995", "1996", "1997", "1998", "1999", "2000", "2001", "2002", "2003", "2004", "2005", "2006", "2007", "2008", "2009", "2010", "2011"], "maxt": [51.778911564626178, 47.281632653062111, 47.238095238097145, 46.306122448978613, 51.063265306122766, 43.996598639455762, 44.635374149659455, 55.573469387755523, 49.209523809524036, 48.131972789114464, 44.010204081633759, 47.982993197278276, 53.325170068030111, 49.000680272111104, 40.985714285714813, 44.626530612246555, 41.809523809521181, 48.321088435375437, 48.895238095239996, 48.414285714285199, 47.886394557821205, 48.164625850339611, 49.43265306122543, 44.897959183674502, 45.976870748298587, 46.670748299319762, 52.476870748298118, 47.473469387753198, 45.042176870747845, 46.307482993199358, 49.412244897957166, 49.434693877549122, 48.05102040816633, 47.551700680271786, 46.029251700682195, 44.558503401361477, 51.114965986395696, 46.521768707479751, 48.379591836734726, 48.561224489796608, 47.195238095237173, 49.749659863945446, 47.610204081632226, 47.976870748298872, 47.855102040814423, 52.568027210883692, 52.574829931972268, 46.063945578234545, 45.592517006803597, 51.642176870749708, 52.574149659862321, 49.329931972788408, 45.095238095238606, 49.200680272109004, 45.459863945579698, 47.731972789113513, 50.029931972789868, 48.176190476195472, 49.918367346938808, 50.666666666669258, 45.046938775512722, 43.873469387754319], "month": 2, "pcpn": [51.857823129254157, 47.37482993197181, 47.349659863943792, 46.38775510204313, 51.143537414966815, 44.080272108842621, 44.740136054419374, 55.641496598639542, 49.25306122449053, 48.246938775507196, 44.055782312926723, 48.093197278911155, 53.4360544217677, 49.07142857142847, 41.110884353741284, 44.720408163264359, 41.929251700679885, 48.402040816327073, 48.989795918369744, 48.512925170065991, 47.970068027209749, 48.276190476193783, 49.508163265309577, 44.936734693879721, 46.023809523809433, 46.682312925167537, 52.537414965987807, 47.478911564623857, 45.035374149659326, 46.337414965988231, 49.446258503400621, 49.406802721086855, 48.187755102037642, 47.579591836734721, 46.040136054425325, 44.624489795920674, 51.190476190477767, 46.5768707482952, 48.431292517007726, 48.622448979592292, 47.242176870748402, 49.770748299318839, 47.626530612245496, 48.03197278911464, 47.928571428570883, 52.604081632651415, 52.649659863944464, 46.117687074832503, 45.608163265305897, 51.631972789116062, 52.567346938773404, 49.336734693878135, 45.109523809524113, 49.287074829936898, 45.519047619048465, 47.785034013604196, 50.08367346939005, 48.214285714288437, 49.93537414965958, 50.691156462584374, 45.117687074832013, 43.98231292517147], "state": "NM", "avgt": [51.953061224491229, 47.47755102041009, 47.470748299318927, 46.497959183676812, 51.21904761904684, 44.167346938772248, 44.861904761904817, 55.721768707482894, 49.295238095237664, 48.374829931975874, 44.117006802721711, 48.179591836733721, 53.537414965985242, 49.117687074829931, 41.216326530613635, 44.804761904762316, 42.039455782312466, 48.468707482994105, 49.077551020409196, 48.599319727889565, 48.048299319726361, 48.369387755104299, 49.579591836738281, 44.972789115648666, 46.072789115647339, 46.695918367345207, 52.61292517006742, 47.495238095236786, 45.037414965986187, 46.372108843540246, 49.486394557822877, 49.395238095236344, 48.350340136050917, 47.629251700680825, 46.072108843541912, 44.687074829931973, 51.251700680270694, 46.623129251697677, 48.47959183673764, 48.679591836736442, 47.300680272109496, 49.784353741497455, 47.63469387755196, 48.082312925168338, 47.995918367347826, 52.653061224490081, 52.718367346939253, 46.172789115648051, 45.636054421768499, 51.661904761905497, 52.565306122451538, 49.34217687074775, 45.109523809521697, 49.36462585034581, 45.582312925172005, 47.827210884352645, 50.126530612244245, 48.246258503399801, 49.953061224490419, 50.71700680272037, 45.191836734695251, 44.093877551020405], "mint": [51.694557823126999, 47.194557823129522, 47.14013605442149, 46.230612244897515, 51.017006802720715, 43.943537414967246, 44.541496598641913, 55.497959183672592, 49.162585034013816, 48.020408163265841, 43.956462585033556, 47.856462585032951, 53.219047619048979, 48.906802721089186, 40.848299319728099, 44.516326530611117, 41.683673469387443, 48.239455782314842, 48.817687074829557, 48.323129251702952, 47.818367346937166, 48.048299319727036, 49.362585034013534, 44.863945578234308, 45.934693877548774, 46.670748299319506, 52.410884353741352, 47.469387755101657, 45.072789115644326, 46.28163265306263, 49.395238095236117, 49.465986394557767, 47.942857142856482, 47.533333333333729, 46.026530612246304, 44.504081632651939, 51.049659863946246, 46.470748299317989, 48.305442176869732, 48.483673469387995, 47.140816326528743, 49.721768707483847, 47.584353741495136, 47.912925170067133, 47.775510204080277, 52.530612244898698, 52.502040816326776, 46.019727891158134, 45.582312925170818, 51.659863945578969, 52.584353741496422, 49.315646258502177, 45.080272108844163, 49.097278911565446, 45.39387755101874, 47.678231292516969, 49.978231292519034, 48.116326530615446, 49.901360544218768, 50.653061224489797, 44.964625850342131, 43.76122448979612]}