{"year_list": ["1950", "1951", "1952", "1953", "1954", "1955", "1956", "1957", "1958", "1959", "1960", "1961", "1962", "1963", "1964", "1965", "1966", "1967", "1968", "1969", "1970", "1971", "1972", "1973", "1974", "1975", "1976", "1977", "1978", "1979", "1980", "1981", "1982", "1983", "1984", "1985", "1986", "1987", "1988", "1989", "1990", "1991", "1992", "1993", "1994", "1995", "1996", "1997", "1998", "1999", "2000", "2001", "2002", "2003", "2004", "2005", "2006", "2007", "2008", "2009", "2010", "2011"], "maxt": [52.706849315069405, 49.574657534248317, 49.077397260275923, 48.484931506850131, 54.936986301370311, 45.771917808218923, 45.854109589040206, 54.713013698629602, 53.50410958904088, 48.160958904110586, 47.747945205480107, 51.806164383560009, 49.328082191782457, 57.030821917808218, 47.359589041096221, 50.360958904109339, 46.091780821917759, 51.310273972602907, 55.56027397260322, 46.612328767124019, 52.717123287672834, 50.107534246577558, 53.173972602739269, 49.815753424659121, 49.708904109588254, 48.77123287671207, 51.732876712328974, 53.926027397261379, 50.478082191781112, 47.772602739728036, 53.681506849315276, 52.607534246574964, 52.323287671231391, 51.155479452054642, 49.804794520547937, 49.681506849317486, 53.593150684931189, 49.978767123289451, 52.227397260274635, 48.800684931506979, 47.274657534246444, 55.880821917808746, 52.963698630137664, 48.808904109590785, 47.565068493152111, 55.863013698630994, 54.086301369861609, 52.834931506848406, 49.45136986301447, 51.826712328767911, 52.960958904110058, 47.541095890412983, 52.401369863016718, 50.408219178083833, 48.147945205479516, 50.911643835613503, 52.265753424654356, 51.094520547943986, 49.99931506849326, 48.88424657534221, 50.28493150684988, 47.00958904109681], "month": 2, "pcpn": [52.73630136986305, 49.603424657534077, 49.154794520549039, 48.565753424659604, 55.097260273970996, 45.89794520547904, 46.003424657534531, 54.865753424655423, 53.53424657534525, 48.150000000001015, 47.752054794521278, 51.836986301371354, 49.354794520547792, 57.089041095890977, 47.368493150687186, 50.382876712329114, 46.043835616439182, 51.370547945204891, 55.632876712328709, 46.706849315067515, 52.719863013698614, 50.210273972601442, 53.285616438354644, 49.72876712329073, 49.795205479452662, 48.797945205478548, 51.716438356163032, 53.915753424657694, 50.496575342465896, 47.758219178083564, 53.742465753424547, 52.674657534247366, 52.443150684929435, 51.256849315068202, 49.91301369862888, 49.801369863014493, 53.707534246575698, 50.056849315070416, 52.342465753423937, 48.889726027399071, 47.391095890410455, 55.986986301368937, 53.061643835617666, 48.889041095891834, 47.678082191779431, 55.974657534245509, 54.189726027398478, 52.906164383563031, 49.536301369863793, 51.902739726027697, 52.898630136987229, 47.500684931508303, 52.48904109589143, 50.404109589041781, 48.083561643836589, 50.848630136986877, 52.273287671232701, 51.136301369861563, 50.054794520546935, 48.876712328768896, 50.309589041095485, 47.106849315066604], "state": "NV", "avgt": [52.763698630137164, 49.647945205478806, 49.258219178081504, 48.641780821916676, 55.254794520548366, 45.981506849313135, 46.135616438354539, 54.982191780823037, 53.524657534243488, 48.107534246576058, 47.730136986300288, 51.865068493152208, 49.361643835617492, 57.12739726027219, 47.347260273972616, 50.399999999998734, 45.980136986300636, 51.434246575343678, 55.665753424655598, 46.774657534249371, 52.728767123287682, 50.302739726027596, 53.360958904107257, 49.647945205478194, 49.855479452055263, 48.7986301369871, 51.700000000000266, 53.90410958904085, 50.513013698630708, 47.708219178080704, 53.799315068494415, 52.731506849314371, 52.575342465754183, 51.365068493150012, 50.041095890410986, 49.92328767123157, 53.800000000000665, 50.134931506848446, 52.467808219179133, 48.980821917809095, 47.51986301370178, 56.086301369862298, 53.159589041095458, 48.982876712329499, 47.804794520548647, 56.082191780820587, 54.304794520547681, 52.960958904109994, 49.614383561645269, 51.978767123289451, 52.84452054794577, 47.447945205480231, 52.565068493149454, 50.407534246577171, 47.986986301371168, 50.775342465752743, 52.254109589040908, 51.171232876712224, 50.109589041095724, 48.859589041097614, 50.374657534247525, 47.224657534244116], "mint": [52.675342465754042, 49.539726027395844, 49.008904109587711, 48.421232876713034, 54.808904109587353, 45.660273972602759, 45.675342465753594, 54.549315068493527, 53.449315068493206, 48.150684931506298, 47.728082191781638, 51.758904109589523, 49.286986301369872, 56.960273972604988, 47.344520547945301, 50.342465753423625, 46.134931506851174, 51.254109589040638, 55.46917808219002, 46.541780821917143, 52.715068493152422, 49.998630136985803, 53.060958904111928, 49.906164383561681, 49.613013698629651, 48.731506849317114, 51.752739726027713, 53.92739726027596, 50.464383561643331, 47.791095890411867, 53.59726027397376, 52.53904109588963, 52.202054794519611, 51.054109589040785, 49.686986301370972, 49.556849315067389, 53.4746575342458, 49.898630136987734, 52.11232876712387, 48.724657534247022, 47.157534246575317, 55.776027397260414, 52.862328767123969, 48.725342465755233, 47.459589041097324, 55.767808219179585, 53.964383561644283, 52.775342465756417, 49.365068493152918, 51.74657534246613, 53.013698630137569, 47.582876712328229, 52.332876712328101, 50.386986301368111, 48.209589041097523, 50.976027397260566, 52.220547945204665, 51.047945205479124, 49.948630136987624, 48.900684931507143, 50.236301369862758, 46.939041095894765]}