{"year_list": ["1950", "1951", "1952", "1953", "1954", "1955", "1956", "1957", "1958", "1959", "1960", "1961", "1962", "1963", "1964", "1965", "1966", "1967", "1968", "1969", "1970", "1971", "1972", "1973", "1974", "1975", "1976", "1977", "1978", "1979", "1980", "1981", "1982", "1983", "1984", "1985", "1986", "1987", "1988", "1989", "1990", "1991", "1992", "1993", "1994", "1995", "1996", "1997", "1998", "1999", "2000", "2001", "2002", "2003", "2004", "2005", "2006", "2007", "2008", "2009", "2010", "2011"], "maxt": [42.607317073172055, 38.739837398373695, 38.017886178862341, 38.857723577236243, 45.140650406503902, 32.153658536584352, 35.708943089428786, 43.176422764227546, 42.745528455283321, 38.158536585364892, 35.747154471544668, 40.717886178861619, 40.939024390243134, 42.860162601625809, 33.883739837399204, 38.096747967480681, 32.910569105689468, 40.861788617885608, 44.470731707315316, 37.794308943090812, 43.584552845528805, 39.077235772356822, 42.093495934958717, 38.177235772358976, 35.089430894310041, 38.050406504065911, 43.18699186991936, 42.38943089430947, 40.509756097561272, 34.130894308942899, 43.234959349594568, 42.092682926828211, 34.893495934958665, 39.309756097560026, 34.497560975610703, 33.691056910567866, 41.242276422764448, 39.303252032520781, 39.085365853658644, 35.279674796746129, 37.725203252032401, 39.972357723577375, 40.719512195121851, 37.753658536584389, 37.178861788617191, 45.837398373983426, 42.180487804878467, 37.400813008130861, 36.940650406503693, 41.537398373983763, 42.356910569106894, 39.535772357723019, 37.316260162601459, 40.974796747968242, 37.323577235772191, 42.213008130080425, 40.534959349591873, 41.663414634146015, 39.773983739837817, 40.76178861788739, 38.970731707317405, 35.834959349594001], "month": 2, "pcpn": [42.591056910569378, 38.603252032519919, 37.996747967480587, 38.79593495935039, 45.06341463414639, 32.169105691056174, 35.639024390242973, 43.234959349593538, 42.773983739836211, 38.208130081302173, 35.871544715447129, 40.728455284553384, 40.947967479675739, 42.907317073171036, 33.732520325203282, 38.197560975610273, 32.923577235772349, 40.905691056909895, 44.38373983739735, 37.721951219512498, 43.482926829268308, 39.021951219512289, 42.014634146340313, 38.260975609756407, 35.096747967479061, 38.075609756097677, 43.084552845529451, 42.311382113821082, 40.414634146341392, 34.226016260161437, 43.227642276423452, 42.141463414634309, 34.913008130081579, 39.298373983740227, 34.458536585365714, 33.714634146341986, 41.257723577235978, 39.247967479674415, 39.160162601625984, 35.417073170731747, 37.803252032519488, 40.178861788617276, 40.877235772356613, 38.065853658537542, 37.431707317072799, 45.995121951218877, 42.370731707316317, 37.608943089431229, 37.099186991870191, 41.713821138211578, 42.632520325203799, 39.795121951219201, 37.616260162601925, 41.18373983739702, 37.538211382114994, 42.40487804877943, 40.786178861788706, 41.957723577236138, 39.984552845529215, 40.915447154471138, 39.180487804878652, 35.817886178860981], "state": "UT", "avgt": [42.545528455284519, 38.495934959349796, 37.987804878049666, 38.752845528456078, 45.011382113821064, 32.213821138211031, 35.566666666666016, 43.346341463415257, 42.782926829268447, 38.32276422764253, 36.0333333333339, 40.726016260162226, 40.925203252032034, 42.917073170732223, 33.427642276421679, 38.178861788618029, 32.830081300811401, 40.835772357723961, 44.237398373983048, 37.572357723577355, 43.34552845528556, 38.904065040649542, 41.91219512195179, 38.304065040651572, 35.088617886178767, 38.028455284552308, 42.934146341463361, 42.183739837398456, 40.208943089432196, 34.265040650406689, 43.165853658536818, 42.116260162601932, 34.942276422762717, 39.262601626015723, 34.408943089430608, 33.730081300812785, 41.26829268292559, 39.155284552845437, 39.233333333333768, 35.558536585366774, 37.865040650405533, 40.375609756097077, 40.984552845527986, 38.343089430894601, 37.650406504065231, 46.130894308943127, 42.542276422763798, 37.803252032520341, 37.239837398374583, 41.842276422762851, 42.864227642276653, 40.011382113820673, 37.848780487805307, 41.305691056911542, 37.658536585365766, 42.504065040650282, 40.982113821137354, 42.195934959348961, 40.178048780488133, 41.038211382113076, 39.336585365854219, 35.800813008130213], "mint": [42.544715447153884, 38.855284552845887, 38.009756097559659, 38.870731707316658, 45.167479674796823, 32.08373983739795, 35.765040650407279, 43.126829268292177, 42.666666666665215, 38.063414634146518, 35.608130081301262, 40.686991869918224, 40.874796747967473, 42.789430894308225, 33.911382113820835, 37.946341463413802, 32.852032520324364, 40.758536585365384, 44.495121951217754, 37.8081300813014, 43.64796747967452, 39.069105691056592, 42.139024390243421, 38.077235772356858, 35.052845528454419, 37.964227642276981, 43.217073170732128, 42.40081300813128, 40.553658536585466, 33.969918699186501, 43.174796747968308, 41.998373983739761, 34.848780487806039, 39.308130081301677, 34.534959349593088, 33.640650406504001, 41.199186991870697, 39.28536585365898, 39.013008130082248, 35.143902439023499, 37.618699186991776, 39.752845528456362, 40.526016260162962, 37.420325203251494, 36.79918699187072, 45.666666666667709, 41.968292682927569, 37.163414634146584, 36.754471544715827, 41.312195121951206, 42.045528455284781, 39.24308943089386, 36.973983739837593, 40.686991869919183, 37.041463414634478, 41.956097560974683, 40.234146341463344, 41.316260162600948, 39.530894308941775, 40.536585365853412, 38.715447154471498, 35.81544715447199]}